-- phpMyAdmin SQL Dump
-- version phpStudy 2014
-- http://www.phpmyadmin.net
--
-- ä¸»æœº: localhost
-- ç”Ÿæˆæ—¥æœŸ: 2016 å¹?10 æœ?30 æ—?12:04
-- æœåŠ¡å™¨ç‰ˆæœ¬: 5.5.40
-- PHP ç‰ˆæœ¬: 5.5.17

SET SQL_MODE="NO_AUTO_VALUE_ON_ZERO";
SET time_zone = "+00:00";


/*!40101 SET @OLD_CHARACTER_SET_CLIENT=@@CHARACTER_SET_CLIENT */;
/*!40101 SET @OLD_CHARACTER_SET_RESULTS=@@CHARACTER_SET_RESULTS */;
/*!40101 SET @OLD_COLLATION_CONNECTION=@@COLLATION_CONNECTION */;
/*!40101 SET NAMES utf8 */;

--
-- æ•°æ®åº“: `caipiao`
--

--
-- è½¬å­˜è¡¨ä¸­çš„æ•°æ® `live_array`
--

INSERT INTO `live_array` (`id`, `num`, `created_at`, `updated_at`) VALUES
(1, 500, '2016-09-23 05:01:29', '2016-09-23 05:04:40');

--
-- è½¬å­˜è¡¨ä¸­çš„æ•°æ® `migrations`
--

INSERT INTO `migrations` (`migration`, `batch`) VALUES
('2014_10_12_000000_create_users_table', 1),
('2014_10_12_100000_create_password_resets_table', 1),
('2015_04_27_022849_create_user_providers_table', 1),
('2015_04_30_170442_setup_access_tables', 1),
('2016_08_08_140448_create_articles_table', 1),
('2016_08_09_134227_create_wishes_table', 1),
('2016_08_17_003823_create_categories_table', 1);

--
-- è½¬å­˜è¡¨ä¸­çš„æ•°æ® `permissions`
--

INSERT INTO `permissions` (`id`, `group_id`, `name`, `display_name`, `system`, `sort`, `created_at`, `updated_at`) VALUES
(1, 1, 'view-backend', 'æŸ¥çœ‹åå°', 1, 1, '2016-08-16 17:52:53', '2016-08-16 17:52:53'),
(2, 1, 'view-access-management', 'æŸ¥çœ‹è®¿é—®ç³»ç»Ÿ', 1, 2, '2016-08-16 17:52:53', '2016-08-16 17:52:53'),
(3, 2, 'create-users', 'æ–°å»ºä¼šå‘˜', 1, 5, '2016-08-16 17:52:53', '2016-08-16 17:52:53'),
(4, 2, 'edit-users', 'ä¿®æ”¹ä¼šå‘˜ä¿¡æ¯', 1, 6, '2016-08-16 17:52:53', '2016-08-16 17:52:53'),
(5, 2, 'delete-users', 'åˆ é™¤ä¼šå‘˜', 1, 7, '2016-08-16 17:52:53', '2016-08-16 17:52:53'),
(6, 2, 'change-user-password', 'ä¿®æ”¹ä¼šå‘˜å¯†ç ', 1, 8, '2016-08-16 17:52:53', '2016-08-16 17:52:53'),
(7, 2, 'deactivate-users', 'ä¼šå‘˜åœç”¨', 1, 9, '2016-08-16 17:52:53', '2016-08-16 17:52:53'),
(8, 2, 'ban-users', 'ç¦ç”¨ä¼šå‘˜', 1, 10, '2016-08-16 17:52:53', '2016-08-16 17:52:53'),
(9, 2, 'reactivate-users', 'é‡æ–°æ¿€æ´»ä¼šå‘˜', 1, 11, '2016-08-16 17:52:53', '2016-08-16 17:52:53'),
(10, 2, 'unban-users', 'ä¸ç¦ç”¨ä¼šå‘˜', 1, 12, '2016-08-16 17:52:54', '2016-08-16 17:52:54'),
(11, 2, 'undelete-users', 'æ¢å¤ä¼šå‘˜', 1, 13, '2016-08-16 17:52:54', '2016-08-16 17:52:54'),
(12, 2, 'permanently-delete-users', 'æ°¸ä¹…åˆ é™¤ä¼šå‘˜', 1, 14, '2016-08-16 17:52:54', '2016-08-16 17:52:54'),
(13, 2, 'resend-user-confirmation-email', 'é‡æ–°å‘é€ç¡®è®¤é‚®ä»¶', 1, 15, '2016-08-16 17:52:54', '2016-08-16 17:52:54'),
(14, 3, 'create-roles', 'åˆ›å»ºè§’è‰²', 1, 2, '2016-08-16 17:52:54', '2016-08-16 17:52:54'),
(15, 3, 'edit-roles', 'ç¼–è¾‘è§’è‰²', 1, 3, '2016-08-16 17:52:54', '2016-08-16 17:52:54'),
(16, 3, 'delete-roles', 'åˆ é™¤è§’è‰²', 1, 4, '2016-08-16 17:52:54', '2016-08-16 17:52:54'),
(17, 4, 'create-permission-groups', 'åˆ›å»ºæƒé™ç»„', 1, 1, '2016-08-16 17:52:54', '2016-08-16 17:52:54'),
(18, 4, 'edit-permission-groups', 'ç¼–è¾‘æƒé™ç»„', 1, 2, '2016-08-16 17:52:54', '2016-08-16 17:52:54'),
(19, 4, 'delete-permission-groups', 'åˆ é™¤æƒé™ç»„', 1, 3, '2016-08-16 17:52:54', '2016-08-16 17:52:54'),
(20, 4, 'sort-permission-groups', 'æƒé™ç»„æ’åº', 1, 4, '2016-08-16 17:52:54', '2016-08-16 17:52:54'),
(21, 4, 'create-permissions', 'åˆ›å»ºæƒé™', 1, 5, '2016-08-16 17:52:54', '2016-08-16 17:52:54'),
(22, 4, 'edit-permissions', 'ç¼–è¾‘æƒé™', 1, 6, '2016-08-16 17:52:54', '2016-08-16 17:52:54'),
(23, 4, 'delete-permissions', 'åˆ é™¤æƒé™', 1, 7, '2016-08-16 17:52:54', '2016-08-16 17:52:54'),
(24, 5, 'create-article', 'æ–°å»ºæ–‡ç« ', 1, 1, '2016-08-16 17:52:54', '2016-08-16 17:52:54'),
(25, 5, 'edit-article', 'ä¿®æ”¹æ–‡ç« ', 1, 2, '2016-08-16 17:52:54', '2016-08-16 17:52:54'),
(26, 5, 'delete-article', 'åˆ é™¤æ–‡ç« ', 1, 3, '2016-08-16 17:52:54', '2016-08-16 17:52:54'),
(27, 6, 'create-Wishes', 'æ–°å»ºç¥ç¦è¯­', 1, 1, '2016-08-16 17:52:54', '2016-08-16 17:52:54'),
(28, 6, 'edit-Wishes', 'ä¿®æ”¹ç¥ç¦è¯­', 1, 2, '2016-08-16 17:52:54', '2016-08-16 17:52:54'),
(29, 6, 'delete-Wishes', 'åˆ é™¤ç¥ç¦è¯­', 1, 3, '2016-08-16 17:52:54', '2016-08-16 17:52:54'),
(30, 7, 'show-frontview', 'æŸ¥çœ‹é¡µé¢', 1, 1, '2016-08-16 17:52:54', '2016-08-16 17:52:54'),
(31, 8, 'show-article', 'æŸ¥çœ‹æ–‡ç« ', 1, 1, '2016-08-16 17:52:54', '2016-08-16 17:52:54'),
(32, 8, 'show-zst', 'æŸ¥çœ‹èµ°åŠ¿å›¾', 1, 2, '2016-08-16 17:52:55', '2016-08-16 17:52:55');

--
-- è½¬å­˜è¡¨ä¸­çš„æ•°æ® `permission_dependencies`
--

INSERT INTO `permission_dependencies` (`id`, `permission_id`, `dependency_id`, `created_at`, `updated_at`) VALUES
(1, 2, 1, '2016-08-16 17:52:55', '2016-08-16 17:52:55'),
(2, 3, 1, '2016-08-16 17:52:55', '2016-08-16 17:52:55'),
(3, 3, 2, '2016-08-16 17:52:55', '2016-08-16 17:52:55'),
(4, 4, 1, '2016-08-16 17:52:55', '2016-08-16 17:52:55'),
(5, 4, 2, '2016-08-16 17:52:55', '2016-08-16 17:52:55'),
(6, 5, 1, '2016-08-16 17:52:55', '2016-08-16 17:52:55'),
(7, 5, 2, '2016-08-16 17:52:55', '2016-08-16 17:52:55'),
(8, 6, 1, '2016-08-16 17:52:55', '2016-08-16 17:52:55'),
(9, 6, 2, '2016-08-16 17:52:56', '2016-08-16 17:52:56'),
(10, 7, 1, '2016-08-16 17:52:56', '2016-08-16 17:52:56'),
(11, 7, 2, '2016-08-16 17:52:56', '2016-08-16 17:52:56'),
(12, 8, 1, '2016-08-16 17:52:56', '2016-08-16 17:52:56'),
(13, 8, 2, '2016-08-16 17:52:56', '2016-08-16 17:52:56'),
(14, 9, 1, '2016-08-16 17:52:56', '2016-08-16 17:52:56'),
(15, 9, 2, '2016-08-16 17:52:56', '2016-08-16 17:52:56'),
(16, 10, 1, '2016-08-16 17:52:56', '2016-08-16 17:52:56'),
(17, 10, 2, '2016-08-16 17:52:56', '2016-08-16 17:52:56'),
(18, 11, 1, '2016-08-16 17:52:56', '2016-08-16 17:52:56'),
(19, 11, 2, '2016-08-16 17:52:56', '2016-08-16 17:52:56'),
(20, 12, 1, '2016-08-16 17:52:57', '2016-08-16 17:52:57'),
(21, 12, 2, '2016-08-16 17:52:57', '2016-08-16 17:52:57'),
(22, 13, 1, '2016-08-16 17:52:57', '2016-08-16 17:52:57'),
(23, 13, 2, '2016-08-16 17:52:57', '2016-08-16 17:52:57'),
(24, 14, 1, '2016-08-16 17:52:57', '2016-08-16 17:52:57'),
(25, 14, 2, '2016-08-16 17:52:57', '2016-08-16 17:52:57'),
(26, 15, 1, '2016-08-16 17:52:57', '2016-08-16 17:52:57'),
(27, 15, 2, '2016-08-16 17:52:57', '2016-08-16 17:52:57'),
(28, 16, 1, '2016-08-16 17:52:57', '2016-08-16 17:52:57'),
(29, 16, 2, '2016-08-16 17:52:57', '2016-08-16 17:52:57'),
(30, 17, 1, '2016-08-16 17:52:57', '2016-08-16 17:52:57'),
(31, 17, 2, '2016-08-16 17:52:58', '2016-08-16 17:52:58'),
(32, 18, 1, '2016-08-16 17:52:58', '2016-08-16 17:52:58'),
(33, 18, 2, '2016-08-16 17:52:58', '2016-08-16 17:52:58'),
(34, 19, 1, '2016-08-16 17:52:58', '2016-08-16 17:52:58'),
(35, 19, 2, '2016-08-16 17:52:58', '2016-08-16 17:52:58'),
(36, 20, 1, '2016-08-16 17:52:58', '2016-08-16 17:52:58'),
(37, 20, 2, '2016-08-16 17:52:58', '2016-08-16 17:52:58'),
(38, 21, 1, '2016-08-16 17:52:58', '2016-08-16 17:52:58'),
(39, 21, 2, '2016-08-16 17:52:58', '2016-08-16 17:52:58'),
(40, 22, 1, '2016-08-16 17:52:58', '2016-08-16 17:52:58'),
(41, 22, 2, '2016-08-16 17:52:58', '2016-08-16 17:52:58'),
(42, 23, 1, '2016-08-16 17:52:58', '2016-08-16 17:52:58'),
(43, 23, 2, '2016-08-16 17:52:59', '2016-08-16 17:52:59'),
(44, 24, 1, '2016-08-16 17:52:59', '2016-08-16 17:52:59'),
(45, 24, 2, '2016-08-16 17:52:59', '2016-08-16 17:52:59'),
(46, 25, 1, '2016-08-16 17:52:59', '2016-08-16 17:52:59'),
(47, 25, 2, '2016-08-16 17:52:59', '2016-08-16 17:52:59'),
(48, 26, 1, '2016-08-16 17:52:59', '2016-08-16 17:52:59'),
(49, 26, 2, '2016-08-16 17:52:59', '2016-08-16 17:52:59'),
(50, 27, 1, '2016-08-16 17:52:59', '2016-08-16 17:52:59'),
(51, 27, 2, '2016-08-16 17:52:59', '2016-08-16 17:52:59'),
(52, 28, 1, '2016-08-16 17:52:59', '2016-08-16 17:52:59'),
(53, 28, 2, '2016-08-16 17:52:59', '2016-08-16 17:52:59'),
(54, 29, 1, '2016-08-16 17:52:59', '2016-08-16 17:52:59'),
(55, 29, 2, '2016-08-16 17:53:00', '2016-08-16 17:53:00'),
(56, 31, 30, '2016-08-16 17:53:00', '2016-08-16 17:53:00'),
(57, 32, 30, '2016-08-16 17:53:00', '2016-08-16 17:53:00');

--
-- è½¬å­˜è¡¨ä¸­çš„æ•°æ® `permission_groups`
--

INSERT INTO `permission_groups` (`id`, `parent_id`, `name`, `sort`, `created_at`, `updated_at`) VALUES
(1, NULL, 'åå°è®¿é—®', 1, '2016-08-16 17:52:53', '2016-08-16 17:52:53'),
(2, 1, 'ç”¨æˆ·', 1, '2016-08-16 17:52:53', '2016-08-16 17:52:53'),
(3, 1, 'è§’è‰²', 2, '2016-08-16 17:52:53', '2016-08-16 17:52:53'),
(4, 1, 'æƒé™', 3, '2016-08-16 17:52:53', '2016-08-16 17:52:53'),
(5, 1, 'æ–‡ç« ç›¸å…³', 1, '2016-08-16 17:52:53', '2016-08-16 17:52:53'),
(6, 1, 'ç¥ç¦è¯­ç›¸å…³', 1, '2016-08-16 17:52:53', '2016-08-16 17:52:53'),
(7, NULL, 'å‰å°è®¿é—®', 1, '2016-08-16 17:52:53', '2016-08-16 17:52:53'),
(8, 7, 'å‰å°æ–‡ç« èµ°åŠ¿å›¾è®¿é—®', 1, '2016-08-16 17:52:53', '2016-08-16 17:52:53');

--
-- è½¬å­˜è¡¨ä¸­çš„æ•°æ® `permission_role`
--

INSERT INTO `permission_role` (`id`, `permission_id`, `role_id`) VALUES
(31, 32, 2),
(30, 30, 2),
(29, 31, 2),
(28, 27, 2),
(27, 29, 2),
(26, 28, 2),
(25, 2, 2),
(24, 1, 2),
(12, 31, 3),
(13, 32, 3),
(14, 30, 3),
(15, 31, 4),
(16, 32, 4),
(17, 30, 4),
(18, 31, 5),
(19, 32, 5),
(20, 30, 5),
(21, 31, 6),
(22, 32, 6),
(23, 30, 6);

--
-- è½¬å­˜è¡¨ä¸­çš„æ•°æ® `resource`
--

INSERT INTO `resource` (`id`, `qihao`, `shuzu1`, `shuzu2`, `shuzu3`, `shuzu4`, `shuzu5`, `shuzu6`, `shuzu7`, `shuzu8`, `shuzu9`, `uid`) VALUES
(1, '1', '000 001 002 003 004 005 006 007 008 009 010 011 019 020 022 030 033 040 044 050 055 059 060 066 069 070 077 079 080 088 089 090 091 095 096 097 098 099 100 101 109 110 111 112 113 114 115 116 117 118 119 121 122 131 133 141 144 151 155 159 161 166 169 171 177 179 181 188 189 190 191 195 196 197 198 199 200 202 211 212 220 221 222 223 224 225 226 227 228 229 232 233 242 244 252 255 262 266 272 277 282 288 292 299 300 303 311 313 322 323 330 331 332 333 334 335 336 337 338 339 343 344 353 355 363 366 373 377 383 388 393 399 400 404 411 414 422 424 433 434 440 441 442 443 444 445 446 447 448 449 454 455 456 457 458 459 464 465 466 467 468 469 474 475 476 477 478 479 484 485 486 487 488 489 494 495 496 497 498 499 500 505 509 511 515 519 522 525 533 535 544 545 546 547 548 549 550 551 552 553 554 555 556 557 558 559 564 565 566 567 568 569 574 575 576 577 578 579 584 585 586 587 588 589 590 591 594 595 596 597 598 599 600 606 609 611 616 619 622 626 633 636 644 645 646 647 648 649 654 655 656 657 658 659 660 661 662 663 664 665 666 667 668 669 674 675 676 677 684 685 686 688 690 691 694 695 696 699 700 707 709 711 717 719 722 727 733 737 744 745 746 747 748 749 754 755 756 757 758 759 764 765 766 767 770 771 772 773 774 775 776 777 778 779 784 785 787 788 790 791 794 795 797 799 800 808 809 811 818 819 822 828 833 838 844 845 846 847 848 849 854 855 856 857 858 859 864 865 866 868 874 875 877 878 880 881 882 883 884 885 886 887 888 889 890 891 894 895 898 899 900 901 905 906 907 908 909 910 911 915 916 917 918 919 922 929 933 939 944 945 946 947 948 949 950 951 954 955 956 957 958 959 960 961 964 965 966 969 970 971 974 975 977 979 980 981 984 985 988 989 990 991 992 993 994 995 996 997 998 999 ', '002 003 004 005 006 007 008 009 019 020 022 029 030 033 039 040 044 049 050 055 058 059 060 066 068 069 070 077 078 079 080 085 086 087 088 089 090 091 092 093 094 095 096 097 098 099 109 113 114 115 116 117 118 119 129 131 133 139 141 144 149 151 155 158 159 161 166 168 169 171 177 178 179 181 185 186 187 188 189 190 191 192 193 194 195 196 197 198 199 200 202 209 219 220 290 291 300 303 309 311 313 319 330 331 390 391 400 404 409 411 414 419 440 441 446 447 448 449 456 457 458 459 464 465 466 467 468 469 474 475 476 477 478 479 484 485 486 487 488 489 490 491 494 495 496 497 498 499 500 505 508 509 511 515 518 519 546 547 548 549 550 551 557 558 559 564 567 568 569 574 575 576 577 578 579 580 581 584 585 586 587 588 589 590 591 594 595 596 597 598 599 600 606 608 609 611 616 618 619 644 645 646 647 648 649 654 657 658 659 660 661 664 674 675 680 681 684 685 690 691 694 695 700 707 708 709 711 717 718 719 744 745 746 747 748 749 754 755 756 757 758 759 764 765 770 771 774 775 780 781 784 785 790 791 794 795 800 805 806 807 808 809 811 815 816 817 818 819 844 845 846 847 848 849 850 851 854 855 856 857 858 859 860 861 864 865 870 871 874 875 880 881 884 885 890 891 894 895 900 901 902 903 904 905 906 907 908 909 910 911 912 913 914 915 916 917 918 919 920 921 930 931 940 941 944 945 946 947 948 949 950 951 954 955 956 957 958 959 960 961 964 965 970 971 974 975 980 981 984 985 990 991 994 995', '000 001 010 011 100 101 110 111 222 223 232 233 322 323 332 333 444 445 446 447 448 449 454 455 456 457 458 459 464 465 466 467 468 469 474 475 476 477 478 479 484 485 486 487 488 489 494 495 496 497 498 499 544 545 546 547 548 549 554 555 556 557 558 559 564 565 566 567 568 569 574 575 576 577 578 579 584 585 586 587 588 589 594 595 596 597 598 599 644 645 646 647 648 649 654 655 656 657 658 659 664 665 668 669 674 675 678 679 684 685 686 687 688 689 694 695 696 697 698 699 744 745 746 747 748 749 754 755 756 757 758 759 764 765 768 769 774 775 778 779 784 785 786 787 788 789 794 795 796 797 798 799 844 845 846 847 848 849 854 855 856 857 858 859 864 865 866 867 868 869 874 875 876 877 878 879 884 885 886 887 894 895 896 897 944 945 946 947 948 949 954 955 956 957 958 959 964 965 966 967 968 969 974 975 976 977 978 979 984 985 986 987 994 995 996 997 ', NULL, NULL, NULL, NULL, NULL, NULL, 1);

--
-- è½¬å­˜è¡¨ä¸­çš„æ•°æ® `roles`
--

INSERT INTO `roles` (`id`, `name`, `all`, `sort`, `created_at`, `updated_at`) VALUES
(1, 'è¶…çº§ç®¡ç†å‘˜', 1, 1, '2016-08-16 17:52:52', '2016-08-16 17:52:52'),
(2, 'ç®¡ç†å‘˜', 0, 2, '2016-08-16 17:52:52', '2016-08-17 09:39:39'),
(3, 'VIPé‡‘ç‰Œä¼šå‘˜ï¼ˆåŒ…å¹´ï¼‰', 0, 3, '2016-08-16 17:52:52', '2016-08-16 22:21:23'),
(4, 'é‡‘ç‰Œä¼šå‘˜ï¼ˆåŒ…å­£ï¼‰', 0, 4, '2016-08-16 17:52:52', '2016-08-16 22:21:40'),
(5, 'é“¶ç‰Œä¼šå‘˜ï¼ˆåŒ…æœˆï¼‰', 0, 5, '2016-08-16 17:52:52', '2016-08-16 22:21:58'),
(6, 'é“œç‰Œä¼šå‘˜ï¼ˆæŒ‰æ¬¡æ•°ï¼‰', 0, 6, '2016-08-16 17:52:52', '2016-08-16 22:22:16'),
(7, 'åˆçº§ä¼šå‘˜ï¼ˆä»…æ³¨å†Œï¼‰', 0, 7, '2016-08-16 17:52:52', '2016-08-16 17:52:52');

--
-- è½¬å­˜è¡¨ä¸­çš„æ•°æ® `static_array`
--

INSERT INTO `static_array` (`id`, `title`, `zone_nums`, `begin_nums`, `desc`, `created_at`, `updated_at`) VALUES
(4, 'è‡ªå®šä¹‰5åˆ†åŒº', 5, 1, 'è¯·åœ¨è¿™é‡Œè¾“å…¥åˆ†åŒºç®€ä»‹ï¼', '2016-09-17 22:39:43', '2016-09-17 22:39:43'),
(5, 'è‡ªå®šä¹‰4åˆ†åŒº', 4, 1, 'ä¸ºå‰å››åå››ä»»å››å‡†å¤‡', '2016-09-26 19:20:17', '2016-09-26 19:20:17');

--
-- è½¬å­˜è¡¨ä¸­çš„æ•°æ® `user`
--

INSERT INTO `user` (`id`, `usericon`, `username`, `userpsd`) VALUES
(1, '2', '2', '2');

--
-- è½¬å­˜è¡¨ä¸­çš„æ•°æ® `users`
--

INSERT INTO `users` (`id`, `name`, `truename`, `sex`, `phone`, `watch`, `qq`, `gold`, `email`, `password`, `status`, `confirmation_code`, `last_login_time`, `last_logout_time`, `gold_begin_time`, `gold_end_time`, `confirmed`, `remember_token`, `created_at`, `updated_at`, `deleted_at`) VALUES
(1, 'Admin', 'é˜ä¸»', 0, '18500054256', 'orchid', '100526536', '0', 'admin@admin.com', '$2y$10$HXLq.dQlhODkyPPfseriP.OYb6UXkmg0RgaDpmUMe/J2b3H/fQ5EO', 1, '86b95afd98667921ac1d69f5e75501bd', '2016-10-30 03:12:10', '2016-10-23 11:25:18', '0000-00-00 00:00:00', '0000-00-00 00:00:00', 1, 'BzLKgYWFCVTZBf8djAeqbAF4ZUFqVEcSUhmHwZNIPt0NJ7de5UMMjastcPzw', '2016-08-16 17:52:51', '2016-10-30 03:12:10', NULL),
(2, 'User', 'å ‚ä¸»', 0, '18500054256', 'orchid', '100526536', '0', 'user@user.com', '$2y$10$VepcIBlE8fz1xaPRl0V4G.Ung8OsZwbfgRCmeorTHDZVwQWV5IcaO', 1, '81ba3ad99d70276be9ff4edd2fe6ac93', '2016-09-05 10:35:31', '2016-09-05 10:35:43', '0000-00-00 00:00:00', '0000-00-00 00:00:00', 1, 'yooQPl3tmU5loIjhHoaqd2UhKtVWXQemKwwYX7FQQT6VtkRn4eljmMHJHpyz', '2016-08-16 17:52:52', '2016-09-05 10:35:43', NULL),
(3, 'æŸæŸæŸ', 'æŸæŸæŸ', 0, '18566645566', 'wxinhga', '156235345', '30', 'test@test.com', '$2y$10$rNJvBP9aAsIZNBuGpOrRAuvwTcRS3T7BqBE2Apu.spR3Ae4rcD8Ka', 1, '7c2c26a37db69a6252c14ae15233c683', '2016-09-05 10:35:55', '2016-09-05 10:36:34', '0000-00-00 00:00:00', '2016-09-29 16:00:00', 1, 'MxAPiWB0tOD5VDDFUGNwQdr45J0BrCglocIImGjiJUbLDXK0D0mWzYxg4b1s', '2016-08-17 06:14:40', '2016-09-05 10:36:35', NULL),
(4, 'é€‚é…å™¨', 'é€‚é…å™¨', 0, '15685452563', '1524586', '83541562', '14', 'test1@test.com', '$2y$10$qgBvaOqbuZI5wQBVOQ5ZVe/3ZnVsVs6H4hU3AKHvmlhtXbU1riBqW', 1, 'd1fd2676eb089d11f45b61ec033a956b', '2016-08-30 10:01:44', '2016-08-30 10:22:47', '0000-00-00 00:00:00', '0000-00-00 00:00:00', 1, '9HQfoSYPrm051mMoGPgJDgtJ8w1jp9zMKv4VKZSXclTeuoKbfqmf61e2Cl0B', '2016-08-17 06:18:54', '2016-08-30 10:22:47', NULL),
(5, 'lone', 'laoqij', 0, '18923053598', 'laoqij', '289882384', '0', 'laoqijkp@163.com', '$2y$10$GCKp.Sw.C6rRphdm1dwHAeYWxJEioKvXhlgMXsOd6j3uvaIjQMQ5a', 0, '2b39d90eba8945c4a5853524965debf4', '0000-00-00 00:00:00', '0000-00-00 00:00:00', '0000-00-00 00:00:00', '0000-00-00 00:00:00', 1, 'tMJzZrZRwlozi7W4Gwdkj5WQvAM2fA6f1x2tGiKKJyZMbkt0WwkfOBNtrMWh', '2016-08-17 16:10:50', '2016-08-17 16:54:04', NULL),
(6, 'aassasa', 'sdddd', 0, 'dddddd', 'ggggg', 'gggg', '0', 'asas@aaa.bn', '$2y$10$viCvlX4kqwraNdDEcLAMPeCF6X0YrDsK6x05n8vXTnNRHiZci.Dqm', 0, '3203a9220fe3b4c9611496dcc38cc279', '0000-00-00 00:00:00', '0000-00-00 00:00:00', '0000-00-00 00:00:00', '0000-00-00 00:00:00', 1, '12pCr0DvWdHtJGHuWd1BUjT9LBPnA8XxVF81HvEd4DxEm9bIUfre8Nq6pyRX', '2016-08-24 08:31:19', '2016-08-24 08:42:02', NULL);

/*!40101 SET CHARACTER_SET_CLIENT=@OLD_CHARACTER_SET_CLIENT */;
/*!40101 SET CHARACTER_SET_RESULTS=@OLD_CHARACTER_SET_RESULTS */;
/*!40101 SET COLLATION_CONNECTION=@OLD_COLLATION_CONNECTION */;
